system.cpu|system_lag0,system.cpu|system_lag1,system.cpu|system_lag2,system.cpu|system_lag3
0.24978483333333332,0.2512562666666666,0.167924,0.08185869999999991
0.08480480000000001,0.24978483333333332,0.2512562666666666,0.167924
0.0008438666666667297,0.08480480000000001,0.24978483333333332,0.2512562666666666
0.25083436666666664,0.0008438666666667297,0.08480480000000001,0.24978483333333332
0.08311280000000003,0.25083436666666664,0.0008438666666667297,0.08480480000000001
0.08522566666666669,0.08311280000000003,0.25083436666666664,0.0008438666666667297
0.2516761,0.08522566666666669,0.08311280000000003,0.25083436666666664
0.24998410000000001,0.2516761,0.08522566666666669,0.08311280000000003
0.0006296999999999923,0.24998410000000001,0.2516761,0.08522566666666669
0.08312130000000002,0.0006296999999999923,0.24998410000000001,0.2516761
0.16876046666666666,0.08312130000000002,0.0006296999999999923,0.24998410000000001
0.0006328999999999918,0.16876046666666666,0.08312130000000002,0.0006296999999999923
0.4172900666666666,0.0006328999999999918,0.16876046666666666,0.08312130000000002
0.1698152666666666,0.4172900666666666,0.0006328999999999918,0.16876046666666666
0.08227959999999997,0.1698152666666666,0.4172900666666666,0.0006328999999999918
0.16708436666666668,0.08227959999999997,0.1698152666666666,0.4172900666666666
0.16792609999999997,0.16708436666666668,0.08227959999999997,0.1698152666666666
0.08249789999999997,0.16792609999999997,0.16708436666666668,0.08227959999999997
0.08354220000000001,0.08249789999999997,0.16792609999999997,0.16708436666666668
0.08311280000000003,0.08354220000000001,0.08249789999999997,0.16792609999999997
0.0052742666666666755,0.08311280000000003,0.08354220000000001,0.08249789999999997
0.0,0.0052742666666666755,0.08311280000000003,0.08354220000000001
0.0008502666666666547,0.0,0.0052742666666666755,0.08311280000000003
0.0021256666666666924,0.0008502666666666547,0.0,0.0052742666666666755
0.0018986999999999938,0.0021256666666666924,0.0008502666666666547,0.0
0.0008417333333333351,0.0018986999999999938,0.0021256666666666924,0.0008502666666666547
0.16792609999999997,0.0008417333333333351,0.0018986999999999938,0.0021256666666666924
0.0006360999999999913,0.16792609999999997,0.0008417333333333351,0.0018986999999999938
0.0,0.0006360999999999913,0.16792609999999997,0.0008417333333333351
0.08396306666666668,0.0,0.0006360999999999913,0.16792609999999997
0.0006329000000000103,0.08396306666666668,0.0,0.0006360999999999913
0.08417190000000001,0.0006329000000000103,0.08396306666666668,0.0
0.08396303333333337,0.08417190000000001,0.0006329000000000103,0.08396306666666668
0.1675042,0.08396303333333337,0.08417190000000001,0.0006329000000000103
0.08291250000000001,0.1675042,0.08396303333333337,0.08417190000000001
0.16666350000000005,0.08291250000000001,0.1675042,0.08396303333333337
0.16813389999999998,0.16666350000000005,0.08291250000000001,0.1675042
0.08670666666666664,0.16813389999999998,0.16666350000000005,0.08291250000000001
0.0,0.08670666666666664,0.16813389999999998,0.16666350000000005
0.08227640000000003,0.0,0.08670666666666664,0.16813389999999998
0.2537910666666667,0.08227640000000003,0.0,0.08670666666666664
0.0018986999999999938,0.2537910666666667,0.08227640000000003,0.0
0.2514651,0.0018986999999999938,0.2537910666666667,0.08227640000000003
0.0854409,0.2514651,0.0018986999999999938,0.2537910666666667
0.24622786666666666,0.0854409,0.2514651,0.0018986999999999938
0.08396303333333328,0.24622786666666666,0.0854409,0.2514651
0.08248309999999996,0.08396303333333328,0.24622786666666666,0.0854409
0.08104220000000002,0.08248309999999996,0.08396303333333328,0.24622786666666666
0.0016834666666666702,0.08104220000000002,0.08248309999999996,0.08396303333333328
0.16792399999999996,0.0016834666666666702,0.08104220000000002,0.08248309999999996
0.0010495333333333523,0.16792399999999996,0.0016834666666666702,0.08104220000000002
0.1666645666666667,0.0010495333333333523,0.16792399999999996,0.0016834666666666702
0.16708440000000002,0.1666645666666667,0.0010495333333333523,0.16792399999999996
0.0,0.16708440000000002,0.1666645666666667,0.0010495333333333523
0.08187236666666668,0.0,0.16708440000000002,0.1666645666666667
0.0008395999999999404,0.08187236666666668,0.0,0.16708440000000002
0.1631182,0.0008395999999999404,0.08187236666666668,0.0
0.1693839,0.1631182,0.0008395999999999404,0.08187236666666668
0.08311919999999995,0.1693839,0.1631182,0.0008395999999999404
0.33187866666666666,0.08311919999999995,0.1693839,0.1631182
0.25083436666666664,0.33187866666666666,0.08311919999999995,0.1693839
0.08144416666666665,0.25083436666666664,0.33187866666666666,0.08311919999999995
0.16666666666666666,0.08144416666666665,0.25083436666666664,0.33187866666666666
0.33082703333333335,0.16666666666666666,0.08144416666666665,0.25083436666666664
0.2495812333333333,0.33082703333333335,0.16666666666666666,0.08144416666666665
0.24874056666666663,0.2495812333333333,0.33082703333333335,0.16666666666666666
0.33250209999999997,0.24874056666666663,0.2495812333333333,0.33082703333333335
0.0837521,0.33250209999999997,0.24874056666666663,0.2495812333333333
0.0004219000000000121,0.0837521,0.33250209999999997,0.24874056666666663
0.41708229999999996,0.0004219000000000121,0.0837521,0.33250209999999997
0.08375206666666668,0.41708229999999996,0.0004219000000000121,0.0837521
0.16499786666666666,0.08375206666666668,0.41708229999999996,0.0004219000000000121
0.41582913333333343,0.16499786666666666,0.08375206666666668,0.41708229999999996
0.16750419999999996,0.41582913333333343,0.16499786666666666,0.08375206666666668
0.08124580000000003,0.16750419999999996,0.41582913333333343,0.16499786666666666
0.08375206666666664,0.08124580000000003,0.16750419999999996,0.41582913333333343
0.1687604666666667,0.08375206666666664,0.08124580000000003,0.16750419999999996
0.08375209999999993,0.1687604666666667,0.08375206666666664,0.08124580000000003
0.1675041666666667,0.08375209999999993,0.1687604666666667,0.08375206666666664
0.08416876666666666,0.1675041666666667,0.08375209999999993,0.1687604666666667
0.16750416666666668,0.08416876666666666,0.1675041666666667,0.08375209999999993
0.00021096666666662692,0.16750416666666668,0.08416876666666666,0.1675041666666667
0.08145883333333333,0.00021096666666662692,0.16750416666666668,0.08416876666666666
0.1675041666666666,0.08145883333333333,0.00021096666666662692,0.16750416666666668
0.08438709999999994,0.1675041666666666,0.08145883333333333,0.00021096666666662692
0.08395263333333343,0.08438709999999994,0.1675041666666666,0.08145883333333333
0.08375210000000004,0.08395263333333343,0.08438709999999994,0.1675041666666666
0.25146509999999994,0.08375210000000004,0.08395263333333343,0.08438709999999994
0.004177266666666624,0.25146509999999994,0.08375210000000004,0.08395263333333343
0.0829061000000001,0.004177266666666624,0.25146509999999994,0.08375210000000004
0.003148600000000057,0.0829061000000001,0.004177266666666624,0.25146509999999994
0.15919726666666656,0.003148600000000057,0.0829061000000001,0.004177266666666624
0.0008459666666667346,0.15919726666666656,0.003148600000000057,0.0829061000000001
0.0010442666666665712,0.0008459666666667346,0.15919726666666656,0.003148600000000057
0.2431603333333334,0.0010442666666665712,0.0008459666666667346,0.15919726666666656
0.16582913333333327,0.2431603333333334,0.0010442666666665712,0.0008459666666667346
0.16645466666666672,0.16582913333333327,0.2431603333333334,0.0010442666666665712
0.08311919999999988,0.16645466666666672,0.16582913333333327,0.2431603333333334
0.08333333333333341,0.08311919999999988,0.16645466666666672,0.16582913333333327
0.16729320000000011,0.08333333333333341,0.08311919999999988,0.16645466666666672
7.401486830834377e-17,0.16729320000000011,0.08333333333333341,0.08311919999999988
0.08333333333333341,7.401486830834377e-17,0.16729320000000011,0.08333333333333341
0.4147900666666666,0.08333333333333341,7.401486830834377e-17,0.16729320000000011
0.16580363333333337,0.4147900666666666,0.08333333333333341,7.401486830834377e-17
0.08458959999999993,0.16580363333333337,0.4147900666666666,0.08333333333333341
0.24686396666666674,0.08458959999999993,0.16580363333333337,0.4147900666666666
0.0012786333333334083,0.24686396666666674,0.08458959999999993,0.16580363333333337
0.1675041999999999,0.0012786333333334083,0.24686396666666674,0.08458959999999993
0.08227959999999994,0.1675041999999999,0.0012786333333334083,0.24686396666666674
0.0004219000000000861,0.08227959999999994,0.1675041999999999,0.0012786333333334083
0.16876046666666675,0.0004219000000000861,0.08227959999999994,0.1675041999999999
0.08227960000000008,0.16876046666666675,0.0004219000000000861,0.08227959999999994
7.401486830834377e-17,0.08227960000000008,0.16876046666666675,0.0004219000000000861
0.08670033333333323,7.401486830834377e-17,0.08227960000000008,0.16876046666666675
0.0006329000000000843,0.08670033333333323,7.401486830834377e-17,0.08227960000000008
0.0008459666666665866,0.0006329000000000843,0.08670033333333323,7.401486830834377e-17
0.08670033333333338,0.0008459666666665866,0.0006329000000000843,0.08670033333333323
0.08544406666666655,0.08670033333333338,0.0008459666666665866,0.0006329000000000843
0.08290609999999994,0.08544406666666655,0.08670033333333338,0.0008459666666665866
0.16562759999999996,0.08290609999999994,0.08544406666666655,0.08670033333333338
0.001691966666666748,0.16562759999999996,0.08290609999999994,0.08544406666666655
0.0006328999999999363,0.001691966666666748,0.16562759999999996,0.08290609999999994
0.004187666666666552,0.0006328999999999363,0.001691966666666748,0.16562759999999996
0.16665820000000006,0.004187666666666552,0.0006328999999999363,0.001691966666666748
0.08522250000000009,0.16665820000000006,0.004187666666666552,0.0006328999999999363
0.25146510000000005,0.08522250000000009,0.16665820000000006,0.004187666666666552
0.08290609999999994,0.25146510000000005,0.08522250000000009,0.16665820000000006
0.16750209999999996,0.08290609999999994,0.25146510000000005,0.08522250000000009
7.401486830834377e-17,0.16750209999999996,0.08290609999999994,0.25146510000000005
0.2474968666666666,7.401486830834377e-17,0.16750209999999996,0.08290609999999994
0.16666456666666676,0.2474968666666666,7.401486830834377e-17,0.16750209999999996
0.33164983333333325,0.16666456666666676,0.2474968666666666,7.401486830834377e-17
0.0012468666666665869,0.33164983333333325,0.16666456666666676,0.2474968666666666
0.16834803333333329,0.0012468666666665869,0.33164983333333325,0.16666456666666676
0.33249580000000006,0.16834803333333329,0.0012468666666665869,0.33164983333333325
0.16583123333333338,0.33249580000000006,0.16834803333333329,0.0012468666666665869
0.16834803333333345,0.16583123333333338,0.33249580000000006,0.16834803333333329
0.4172911333333333,0.16834803333333345,0.16583123333333338,0.33249580000000006
0.08354220000000005,0.4172911333333333,0.16834803333333345,0.16583123333333338
0.00041983333333336,0.08354220000000005,0.4172911333333333,0.16834803333333345
0.2480950000000001,0.00041983333333336,0.08354220000000005,0.4172911333333333
0.0835421999999999,0.2480950000000001,0.00041983333333336,0.08354220000000005
0.1670843999999999,0.0835421999999999,0.2480950000000001,0.00041983333333336
0.0008481000000000553,0.1670843999999999,0.0835421999999999,0.2480950000000001
0.08164350000000013,0.0008481000000000553,0.1670843999999999,0.0835421999999999
0.16708440000000013,0.08164350000000013,0.0008481000000000553,0.1670843999999999
0.0016834666666667812,0.16708440000000013,0.08164350000000013,0.0008481000000000553
0.0006361000000001024,0.0016834666666667812,0.16708440000000013,0.08164350000000013
0.16792399999999985,0.0006361000000001024,0.0016834666666667812,0.16708440000000013
1.1102230246251565e-16,0.16792399999999985,0.0006361000000001024,0.0016834666666667812
0.0822795999999999,1.1102230246251565e-16,0.16792399999999985,0.0006361000000001024
0.08375210000000007,0.0822795999999999,1.1102230246251565e-16,0.16792399999999985
0.08227960000000012,0.08375210000000007,0.0822795999999999,1.1102230246251565e-16
0.08459169999999987,0.08227960000000012,0.08375210000000007,0.0822795999999999
0.08375206666666679,0.08459169999999987,0.08227960000000012,0.08375210000000007
0.0006329000000001214,0.08375206666666679,0.08459169999999987,0.08227960000000012
0.25041030000000014,0.0006329000000001214,0.08375206666666679,0.08459169999999987
0.16582913333333324,0.25041030000000014,0.0006329000000001214,0.08375206666666679
1.1102230246251565e-16,0.16582913333333324,0.25041030000000014,0.0006329000000001214
0.16581859999999993,1.1102230246251565e-16,0.16582913333333324,0.25041030000000014
0.08144416666666676,0.16581859999999993,1.1102230246251565e-16,0.16582913333333324
0.16541039999999987,0.08144416666666676,0.16581859999999993,1.1102230246251565e-16
0.08227960000000012,0.16541039999999987,0.08144416666666676,0.16581859999999993
0.08144416666666654,0.08227960000000012,0.16541039999999987,0.08144416666666676
0.1647775000000001,0.08144416666666654,0.08227960000000012,0.16541039999999987
0.08353900000000014,0.1647775000000001,0.08144416666666654,0.08227960000000012
0.0008354333333332464,0.08353900000000014,0.1647775000000001,0.08144416666666654
0.0012626000000001136,0.0008354333333332464,0.08353900000000014,0.1647775000000001
0.16665819999999987,0.0012626000000001136,0.0008354333333332464,0.08353900000000014
0.24999366666666678,0.16665819999999987,0.0012626000000001136,0.0008354333333332464
0.0006265666666667724,0.24999366666666678,0.16665819999999987,0.0012626000000001136
0.0016750333333333904,0.0006265666666667724,0.24999366666666678,0.16665819999999987
0.00042300000000009924,0.0016750333333333904,0.0006265666666667724,0.24999366666666678
0.0006265666666665873,0.00042300000000009924,0.0016750333333333904,0.0006265666666667724
0.08270676666666675,0.0006265666666665873,0.00042300000000009924,0.0016750333333333904
0.1681370666666666,0.08270676666666675,0.0006265666666665873,0.00042300000000009924
1.1102230246251565e-16,0.1681370666666666,0.08270676666666675,0.0006265666666665873
0.08522566666666657,1.1102230246251565e-16,0.1681370666666666,0.08270676666666675
1.1102230246251565e-16,0.08522566666666657,1.1102230246251565e-16,0.1681370666666666
0.08227640000000014,1.1102230246251565e-16,0.08522566666666657,1.1102230246251565e-16
0.0852256666666668,0.08227640000000014,1.1102230246251565e-16,0.08522566666666657
0.0012626000000001136,0.0852256666666668,0.08227640000000014,1.1102230246251565e-16
0.0810263999999999,0.0012626000000001136,0.0852256666666668,0.08227640000000014
0.0025379999999998923,0.0810263999999999,0.0012626000000001136,0.0852256666666668
0.08270046666666679,0.0025379999999998923,0.0810263999999999,0.0012626000000001136
0.002512599999999902,0.08270046666666679,0.0025379999999998923,0.0810263999999999
0.003164566666666794,0.002512599999999902,0.08270046666666679,0.0025379999999998923
0.1670822666666665,0.003164566666666794,0.002512599999999902,0.08270046666666679
0.08353900000000014,0.1670822666666665,0.003164566666666794,0.002512599999999902
0.08164983333333346,0.08353900000000014,0.1670822666666665,0.003164566666666794
0.16750416666666676,0.08164983333333346,0.08353900000000014,0.1670822666666665
0.1675020666666666,0.16750416666666676,0.08164983333333346,0.08353900000000014
0.001683500000000097,0.1675020666666666,0.16750416666666676,0.08164983333333346
0.25125626666666656,0.001683500000000097,0.1675020666666666,0.16750416666666676
0.08585223333333347,0.25125626666666656,0.001683500000000097,0.1675020666666666
0.33711166666666664,0.08585223333333347,0.25125626666666656,0.001683500000000097
0.08375210000000015,0.33711166666666664,0.08585223333333347,0.25125626666666656
0.0006265666666665689,0.08375210000000015,0.33711166666666664,0.08585223333333347
0.3354281666666668,0.0006265666666665689,0.08375210000000015,0.33711166666666664
0.16750416666666676,0.3354281666666668,0.0006265666666665689,0.08375210000000015
0.000626566666666791,0.16750416666666676,0.3354281666666668,0.0006265666666665689
0.08480796666666678,0.000626566666666791,0.16750416666666676,0.3354281666666668
0.08125203333333324,0.08480796666666678,0.000626566666666791,0.16750416666666676
0.08250206666666655,0.08125203333333324,0.08480796666666678,0.000626566666666791
0.08438389999999991,0.08250206666666655,0.08125203333333324,0.08480796666666678
0.0012437666666665532,0.08438389999999991,0.08250206666666655,0.08125203333333324
0.24853900000000015,0.0012437666666665532,0.08438389999999991,0.08250206666666655
0.16792613333333326,0.24853900000000015,0.0012437666666665532,0.08438389999999991
0.0006265666666665689,0.16792613333333326,0.24853900000000015,0.0012437666666665532
0.08354113333333323,0.0006265666666665689,0.16792613333333326,0.24853900000000015
0.0025189000000001758,0.08354113333333323,0.0006265666666665689,0.16792613333333326
0.3312520999999998,0.0025189000000001758,0.08354113333333323,0.0006265666666665689
0.16417076666666652,0.3312520999999998,0.0025189000000001758,0.08354113333333323
0.16455696666666683,0.16417076666666652,0.3312520999999998,0.0025189000000001758
0.1631182000000001,0.16455696666666683,0.16417076666666652,0.3312520999999998
0.1637488666666668,0.1631182000000001,0.16455696666666683,0.16417076666666652
0.16539239999999988,0.1637488666666668,0.1631182000000001,0.16455696666666683
0.24998410000000015,0.16539239999999988,0.1637488666666668,0.1631182000000001
0.0008417333333334831,0.24998410000000015,0.16539239999999988,0.1637488666666668
0.0008354333333335054,0.0008417333333334831,0.24998410000000015,0.16539239999999988
0.0850242666666668,0.0008354333333335054,0.0008417333333334831,0.24998410000000015
0.16708439999999988,0.0850242666666668,0.0008354333333335054,0.0008417333333334831
0.17044499999999987,0.16708439999999988,0.0850242666666668,0.0008354333333335054
0.25041666666666657,0.17044499999999987,0.16708439999999988,0.0850242666666668
0.16666456666666685,0.25041666666666657,0.17044499999999987,0.16708439999999988
0.25315176666666683,0.16666456666666685,0.25041666666666657,0.17044499999999987
0.08291250000000017,0.25315176666666683,0.16666456666666685,0.25041666666666657
0.08502106666666653,0.08291250000000017,0.25315176666666683,0.16666456666666685
0.0843817999999998,0.08502106666666653,0.08291250000000017,0.25315176666666683
0.0006297000000001404,0.0843817999999998,0.08502106666666653,0.08291250000000017
0.0012690000000001496,0.0006297000000001404,0.0843817999999998,0.08502106666666653
0.16875733333333343,0.0012690000000001496,0.0006297000000001404,0.0843817999999998
0.08312236666666684,0.16875733333333343,0.0012690000000001496,0.0006297000000001404
0.16750419999999985,0.08312236666666684,0.16875733333333343,0.0012690000000001496
0.08312553333333317,0.16750419999999985,0.08312236666666684,0.16875733333333343
0.16582913333333318,0.08312553333333317,0.16750419999999985,0.08312236666666684
0.2508343666666668,0.16582913333333318,0.08312553333333317,0.16750419999999985
0.08563179999999981,0.2508343666666668,0.16582913333333318,0.08312553333333317
0.1658291333333335,0.08563179999999981,0.2508343666666668,0.16582913333333318
0.0004240666666665005,0.1658291333333335,0.08563179999999981,0.2508343666666668
0.0856318000000001,0.0004240666666665005,0.1658291333333335,0.08563179999999981
0.16750416666666648,0.0856318000000001,0.0004240666666665005,0.1658291333333335
0.0008459666666668086,0.16750416666666648,0.0856318000000001,0.0004240666666665005
0.08647566666666655,0.0008459666666668086,0.16750416666666648,0.0856318000000001
0.0008396000000000884,0.08647566666666655,0.0008459666666668086,0.16750416666666648
0.16666456666666654,0.0008396000000000884,0.08647566666666655,0.0008459666666668086
0.08459596666666684,0.16666456666666654,0.0008396000000000884,0.08647566666666655
1.4802973661668753e-16,0.08459596666666684,0.16666456666666654,0.0008396000000000884
0.2499936666666668,1.4802973661668753e-16,0.08459596666666684,0.16666456666666654
0.0006297000000001218,0.2499936666666668,1.4802973661668753e-16,0.08459596666666684
0.08416876666666682,0.0006297000000001218,0.2499936666666668,1.4802973661668753e-16
0.16645146666666652,0.08416876666666682,0.0006297000000001218,0.2499936666666668
0.0012625999999998545,0.16645146666666652,0.08416876666666682,0.0006297000000001218
0.08840946666666653,0.0012625999999998545,0.16645146666666652,0.08416876666666682
0.1639671333333332,0.08840946666666653,0.0012625999999998545,0.16645146666666652
0.08311280000000017,0.1639671333333332,0.08840946666666653,0.0012625999999998545
0.17090526666666683,0.08311280000000017,0.1639671333333332,0.08840946666666653
0.07958533333333355,0.17090526666666683,0.08311280000000017,0.1639671333333332
0.0812236333333332,0.07958533333333355,0.17090526666666683,0.08311280000000017
1.4802973661668753e-16,0.0812236333333332,0.07958533333333355,0.17090526666666683
0.0831192000000001,1.4802973661668753e-16,0.0812236333333332,0.07958533333333355
0.08500836666666649,0.0831192000000001,1.4802973661668753e-16,0.0812236333333332
0.08187236666666653,0.08500836666666649,0.0831192000000001,1.4802973661668753e-16
0.08652029999999984,0.08187236666666653,0.08500836666666649,0.0831192000000001
0.0843818000000001,0.08652029999999984,0.08187236666666653,0.08500836666666649
0.0012499999999998623,0.0843818000000001,0.08652029999999984,0.08187236666666653
0.08778290000000015,0.0012499999999998623,0.0843818000000001,0.08652029999999984
0.0843817999999998,0.08778290000000015,0.0012499999999998623,0.0843818000000001
0.0802253666666665,0.0843817999999998,0.08778290000000015,0.0012499999999998623
0.0012625999999998545,0.0802253666666665,0.0843817999999998,0.08778290000000015
0.0843818000000001,0.0012625999999998545,0.0802253666666665,0.0843817999999998
0.1633477333333335,0.0843818000000001,0.0012625999999998545,0.0802253666666665
1.4802973661668753e-16,0.1633477333333335,0.0843818000000001,0.0012625999999998545
0.1702488666666665,1.4802973661668753e-16,0.1633477333333335,0.0843818000000001
0.08566036666666654,0.1702488666666665,1.4802973661668753e-16,0.1633477333333335
0.08481116666666648,0.08566036666666654,0.1702488666666665,1.4802973661668753e-16
0.1696191666666668,0.08481116666666648,0.08566036666666654,0.1702488666666665
0.08353576666666647,0.1696191666666668,0.08481116666666648,0.08566036666666654
0.004198266666666783,0.08353576666666647,0.1696191666666668,0.08481116666666648
0.08417190000000015,0.004198266666666783,0.08353576666666647,0.1696191666666668
0.25252523333333343,0.08417190000000015,0.004198266666666783,0.08353576666666647
0.08250206666666682,0.25252523333333343,0.08417190000000015,0.004198266666666783
0.00041983333333317496,0.08250206666666682,0.25252523333333343,0.08417190000000015
0.33564016666666646,0.00041983333333317496,0.08250206666666682,0.25252523333333343
0.08249580000000016,0.33564016666666646,0.00041983333333317496,0.08250206666666682
0.00042189999999984556,0.08249580000000016,0.33564016666666646,0.00041983333333317496
0.1698152666666668,0.00042189999999984556,0.08249580000000016,0.33564016666666646
0.0012721666666665188,0.1698152666666668,0.00042189999999984556,0.08249580000000016
0.16457596666666652,0.0012721666666665188,0.1698152666666668,0.00042189999999984556
0.08249580000000016,0.16457596666666652,0.0012721666666665188,0.1698152666666668
0.08185019999999987,0.08249580000000016,0.16457596666666652,0.0012721666666665188
0.003350166666666543,0.08185019999999987,0.08249580000000016,0.16457596666666652
0.08438496666666655,0.003350166666666543,0.08185019999999987,0.08249580000000016
0.1702488666666665,0.08438496666666655,0.003350166666666543,0.08185019999999987
0.001683466666666818,0.1702488666666665,0.08438496666666655,0.003350166666666543
0.08438496666666684,0.001683466666666818,0.1702488666666665,0.08438496666666655
0.2525252666666668,0.08438496666666684,0.001683466666666818,0.1702488666666665
0.08291250000000017,0.2525252666666668,0.08438496666666684,0.001683466666666818
0.08249579999999986,0.08291250000000017,0.2525252666666668,0.08438496666666684
0.00042406666666679654,0.08249579999999986,0.08291250000000017,0.2525252666666668
0.0006297000000001404,0.00042406666666679654,0.08249579999999986,0.08291250000000017
0.08291563333333347,0.0006297000000001404,0.00042406666666679654,0.08249579999999986
0.0004219000000001601,0.08291563333333347,0.0006297000000001404,0.00042406666666679654
0.08522566666666653,0.0004219000000001601,0.08291563333333347,0.0006297000000001404
0.08354219999999986,0.08522566666666653,0.0004219000000001601,0.08291563333333347
0.08312236666666654,0.08354219999999986,0.08522566666666653,0.0004219000000001601
0.0008438666666668778,0.08312236666666654,0.08354219999999986,0.08522566666666653
0.08312236666666684,0.0008438666666668778,0.08312236666666654,0.08354219999999986
0.08270046666666682,0.08312236666666684,0.0008438666666668778,0.08312236666666654
0.16834170000000012,0.08270046666666682,0.08312236666666684,0.0008438666666668778
0.08354113333333348,0.16834170000000012,0.08270046666666682,0.08312236666666684
0.1654072333333332,0.08354113333333348,0.16834170000000012,0.08270046666666682
0.001259433333333208,0.1654072333333332,0.08354113333333348,0.16834170000000012
0.5877412666666665,0.001259433333333208,0.1654072333333332,0.08354113333333348
0.1662489666666668,0.5877412666666665,0.001259433333333208,0.1654072333333332
0.08438390000000016,0.1662489666666668,0.5877412666666665,0.001259433333333208
0.42170433333333346,0.08438390000000016,0.1662489666666668,0.5877412666666665
0.08608019999999984,0.42170433333333346,0.08438390000000016,0.1662489666666668
0.08396199999999983,0.08608019999999984,0.42170433333333346,0.08438390000000016
0.0858522333333332,0.08396199999999983,0.08608019999999984,0.42170433333333346
0.08608020000000018,0.0858522333333332,0.08396199999999983,0.08608019999999984
0.00042189999999984556,0.08608020000000018,0.0858522333333332,0.08396199999999983
0.25210013333333353,0.00042189999999984556,0.08608020000000018,0.0858522333333332
0.16624896666666653,0.25210013333333353,0.00042189999999984556,0.08608020000000018
0.0004240666666665005,0.16624896666666653,0.25210013333333353,0.00042189999999984556
0.08375209999999984,0.0004240666666665005,0.16624896666666653,0.25210013333333353
0.08207706666666681,0.08375209999999984,0.0004240666666665005,0.16624896666666653
0.08290609999999987,0.08207706666666681,0.08375209999999984,0.0004240666666665005
0.00042189999999986405,0.08290609999999987,0.08207706666666681,0.08375209999999984
0.08333016666666682,0.00042189999999986405,0.08290609999999987,0.08207706666666681
0.08291249999999988,0.08333016666666682,0.00042189999999986405,0.08290609999999987
0.0004219000000001601,0.08291249999999988,0.08333016666666682,0.00042189999999986405
0.16624266666666654,0.0004219000000001601,0.08291249999999988,0.08333016666666682
0.0856464999999998,0.16624266666666654,0.0004219000000001601,0.08291249999999988
0.08249579999999986,0.0856464999999998,0.16624266666666654,0.0004219000000001601
0.16581860000000018,0.08249579999999986,0.0856464999999998,0.16624266666666654
0.2523110666666668,0.16581860000000018,0.08249579999999986,0.0856464999999998
0.0006265666666665318,0.2523110666666668,0.16581860000000018,0.08249579999999986
0.08396196666666679,0.0006265666666665318,0.2523110666666668,0.16581860000000018
0.000419833333333471,0.08396196666666679,0.0006265666666665318,0.2523110666666668
1.4802973661668753e-16,0.000419833333333471,0.08396196666666679,0.0006265666666665318
0.1668680666666665,1.4802973661668753e-16,0.000419833333333471,0.08396196666666679
0.08480479999999986,0.1668680666666665,1.4802973661668753e-16,0.000419833333333471
0.08522566666666653,0.08480479999999986,0.1668680666666665,1.4802973661668753e-16
0.16729320000000017,0.08522566666666653,0.08480479999999986,0.1668680666666665
0.0006360999999998063,0.16729320000000017,0.08522566666666653,0.08480479999999986
0.08647566666666688,0.0006360999999998063,0.16729320000000017,0.08522566666666653
0.16792609999999986,0.08647566666666688,0.0006360999999998063,0.16729320000000017
0.0006361000000001393,0.16792609999999986,0.08647566666666688,0.0006360999999998063
0.08145046666666682,0.0006361000000001393,0.16792609999999986,0.08647566666666688
0.08396306666666682,0.08145046666666682,0.0006361000000001393,0.16792609999999986
1.4802973661668753e-16,0.08396306666666682,0.08145046666666682,0.0006361000000001393
0.08588099999999983,1.4802973661668753e-16,0.08396306666666682,0.08145046666666682
0.16540723333333318,0.08588099999999983,1.4802973661668753e-16,0.08396306666666682
0.08396306666666653,0.16540723333333318,0.08588099999999983,1.4802973661668753e-16
0.08588100000000014,0.08396306666666653,0.16540723333333318,0.08588099999999983
0.1662489666666668,0.08588100000000014,0.08396306666666653,0.16540723333333318
0.0008480999999997962,0.1662489666666668,0.08588100000000014,0.08396306666666653
0.0004219000000001601,0.0008480999999997962,0.1662489666666668,0.08588100000000014
0.2537910666666665,0.0004219000000001601,0.0008480999999997962,0.1662489666666668
0.25252523333333343,0.2537910666666665,0.0004219000000001601,0.0008480999999997962
0.08187236666666654,0.25252523333333343,0.2537910666666665,0.0004219000000001601
0.08754210000000014,0.08187236666666654,0.25252523333333343,0.2537910666666665
0.3324915666666665,0.08754210000000014,0.08187236666666654,0.25252523333333343
0.0031486999999998564,0.3324915666666665,0.08754210000000014,0.08187236666666654
1.6653345369377348e-16,0.0031486999999998564,0.3324915666666665,0.08754210000000014
0.2487405666666668,1.6653345369377348e-16,0.0031486999999998564,0.3324915666666665
0.08332696666666654,0.2487405666666668,1.6653345369377348e-16,0.0031486999999998564
0.0008354333333332095,0.08332696666666654,0.2487405666666668,1.6653345369377348e-16
0.0004219000000001601,0.0008354333333332095,0.08332696666666654,0.2487405666666668
0.08522566666666682,0.0004219000000001601,0.0008354333333332095,0.08332696666666654
0.0008395999999997924,0.08522566666666682,0.0004219000000001601,0.0008354333333332095
0.0008459666666665125,0.0008395999999997924,0.08522566666666682,0.0004219000000001601
0.08692616666666649,0.0008459666666665125,0.0008395999999997924,0.08522566666666682
0.08375210000000011,0.08692616666666649,0.0008459666666665125,0.0008395999999997924
0.0008459666666668086,0.08375210000000011,0.08692616666666649,0.0008459666666665125
0.16962663333333347,0.0008459666666668086,0.08375210000000011,0.08692616666666649
0.0012562666666668203,0.16962663333333347,0.0008459666666668086,0.08375210000000011
1.4802973661668753e-16,0.0012562666666668203,0.16962663333333347,0.0008459666666668086
0.16540723333333318,1.4802973661668753e-16,0.0012562666666668203,0.16962663333333347
0.0799319666666668,0.16540723333333318,1.4802973661668753e-16,0.0012562666666668203
0.08332910000000014,0.0799319666666668,0.16540723333333318,1.4802973661668753e-16
0.16540723333333346,0.08332910000000014,0.0799319666666668,0.16540723333333318
0.08309653333333318,0.16540723333333346,0.08332910000000014,0.0799319666666668
0.2508332666666665,0.08309653333333318,0.16540723333333346,0.08332910000000014
0.08207389999999985,0.2508332666666665,0.08309653333333318,0.16540723333333346
0.08608020000000016,0.08207389999999985,0.2508332666666665,0.08309653333333318
0.08184380000000009,0.08608020000000016,0.08207389999999985,0.2508332666666665
0.08164983333333349,0.08184380000000009,0.08608020000000016,0.08207389999999985
0.08417189999999986,0.08164983333333349,0.08184380000000009,0.08608020000000016
0.08523846666666683,0.08417189999999986,0.08164983333333349,0.08184380000000009
0.08353899999999988,0.08523846666666683,0.08417189999999986,0.08164983333333349
0.08417190000000015,0.08353899999999988,0.08523846666666683,0.08417189999999986
0.16962663333333317,0.08417190000000015,0.08353899999999988,0.08523846666666683
0.0012626000000001507,0.16962663333333317,0.08417190000000015,0.08353899999999988
0.0822667333333335,0.0012626000000001507,0.16962663333333317,0.08417190000000015
0.17004853333333347,0.0822667333333335,0.0012626000000001507,0.16962663333333317
0.08227640000000018,0.17004853333333347,0.0822667333333335,0.0012626000000001507
0.1658089333333332,0.08227640000000018,0.17004853333333347,0.0822667333333335
0.08438496666666655,0.1658089333333332,0.08227640000000018,0.17004853333333347
0.0816498333333332,0.08438496666666655,0.1658089333333332,0.08227640000000018
0.001898699999999846,0.0816498333333332,0.08438496666666655,0.1658089333333332
0.0006329000000001583,0.001898699999999846,0.0816498333333332,0.08438496666666655
0.08670033333333316,0.0006329000000001583,0.001898699999999846,0.0816498333333332
0.002525266666666822,0.08670033333333316,0.0006329000000001583,0.001898699999999846
1.4802973661668753e-16,0.002525266666666822,0.08670033333333316,0.0006329000000001583
0.16961596666666678,1.4802973661668753e-16,0.002525266666666822,0.08670033333333316
0.0018891666666665345,0.16961596666666678,1.4802973661668753e-16,0.002525266666666822
0.16855899999999982,0.0018891666666665345,0.16961596666666678,1.4802973661668753e-16
0.08544089999999986,0.16855899999999982,0.0018891666666665345,0.16961596666666678
0.08396306666666653,0.08544089999999986,0.16855899999999982,0.0018891666666665345
0.2518891666666668,0.08396306666666653,0.08544089999999986,0.16855899999999982
0.16835016666666683,0.2518891666666668,0.08396306666666653,0.08544089999999986
0.25041243333333313,0.16835016666666683,0.2518891666666668,0.08396306666666653
0.08270046666666649,0.25041243333333313,0.16835016666666683,0.2518891666666668
0.00021309999999978105,0.08270046666666649,0.25041243333333313,0.16835016666666683
0.33563810000000016,0.00021309999999978105,0.08270046666666649,0.25041243333333313
0.2506265666666665,0.33563810000000016,0.00021309999999978105,0.08270046666666649
0.1668680666666665,0.2506265666666665,0.33563810000000016,0.00021309999999978105
0.16645146666666685,0.1668680666666665,0.2506265666666665,0.33563810000000016
0.33416876666666684,0.16645146666666685,0.1668680666666665,0.2506265666666665
0.08375206666666685,0.33416876666666684,0.16645146666666685,0.1668680666666665
0.1670811666666665,0.08375206666666685,0.33416876666666684,0.16645146666666685
0.08672273333333314,0.1670811666666665,0.08375206666666685,0.33416876666666684
0.08502106666666649,0.08672273333333314,0.1670811666666665,0.08375206666666685
0.08375206666666686,0.08502106666666649,0.08672273333333314,0.1670811666666665
0.08204513333333319,0.08375206666666686,0.08502106666666649,0.08672273333333314
0.08080806666666647,0.08204513333333319,0.08375206666666686,0.08502106666666649
0.1666645666666665,0.08080806666666647,0.08204513333333319,0.08375206666666686
0.08396306666666686,0.1666645666666665,0.08080806666666647,0.08204513333333319
0.08144416666666683,0.08396306666666686,0.1666645666666665,0.08080806666666647
0.0025315666666664294,0.08144416666666683,0.08396306666666686,0.1666645666666665
0.08438496666666688,0.0025315666666664294,0.08144416666666683,0.08396306666666686
0.08481116666666644,0.08438496666666688,0.0025315666666664294,0.08144416666666683
0.16792396666666684,0.08481116666666644,0.08438496666666688,0.0025315666666664294
0.0017005333333331614,0.16792396666666684,0.08481116666666644,0.08438496666666688
1.8503717077085943e-16,0.0017005333333331614,0.16792396666666684,0.08481116666666644
0.08247989999999983,1.8503717077085943e-16,0.0017005333333331614,0.16792396666666684
0.08268443333333315,0.08247989999999983,1.8503717077085943e-16,0.0017005333333331614
0.08732376666666682,0.08268443333333315,0.08247989999999983,1.8503717077085943e-16
0.08459596666666651,0.08732376666666682,0.08268443333333315,0.08247989999999983
0.1683469666666669,0.08459596666666651,0.08732376666666682,0.08268443333333315
0.0822922000000002,0.1683469666666669,0.08459596666666651,0.08732376666666682
2.220446049250313e-16,0.0822922000000002,0.1683469666666669,0.08459596666666651
0.08480796666666646,2.220446049250313e-16,0.0822922000000002,0.1683469666666669
0.00041983333333311945,0.08480796666666646,2.220446049250313e-16,0.0822922000000002
0.0008480999999997222,0.00041983333333311945,0.08480796666666646,2.220446049250313e-16
0.2504102999999998,0.0008480999999997222,0.00041983333333311945,0.08480796666666646
0.00042189999999979005,0.2504102999999998,0.0008480999999997222,0.00041983333333311945
0.16919613333333353,0.00042189999999979005,0.2504102999999998,0.0008480999999997222
0.1681339000000002,0.16919613333333353,0.00042189999999979005,0.2504102999999998
0.08459916666666645,0.1681339000000002,0.16919613333333353,0.00042189999999979005
0.08187236666666646,0.08459916666666645,0.1681339000000002,0.16919613333333353
0.16918869999999975,0.08187236666666646,0.08459916666666645,0.1681339000000002
0.08332696666666646,0.16918869999999975,0.08187236666666646,0.08459916666666645
0.08312549999999978,0.08332696666666646,0.16918869999999975,0.08187236666666646
0.08480690000000024,0.08312549999999978,0.08332696666666646,0.16918869999999975
0.1687678666666669,0.08480690000000024,0.08312549999999978,0.08332696666666646
0.08187550000000021,0.1687678666666669,0.08480690000000024,0.08312549999999978
0.16750416666666687,0.08187550000000021,0.1687678666666669,0.08480690000000024
0.16624896666666644,0.16750416666666687,0.08187550000000021,0.1687678666666669
0.08438179999999973,0.16624896666666644,0.16750416666666687,0.08187550000000021
0.08312236666666646,0.08438179999999973,0.16624896666666644,0.16750416666666687
0.08542713333333311,0.08312236666666646,0.08438179999999973,0.16624896666666644
0.2512562666666669,0.08542713333333311,0.08312236666666646,0.08438179999999973
0.08270676666666639,0.2512562666666669,0.08542713333333311,0.08312236666666646
0.16813390000000025,0.08270676666666639,0.2512562666666669,0.08542713333333311
0.2512562666666664,0.16813390000000025,0.08270676666666639,0.2512562666666669
0.08207706666666688,0.2512562666666664,0.16813390000000025,0.08270676666666639
0.0006296999999997702,0.08207706666666688,0.2512562666666664,0.16813390000000025
0.08375210000000018,0.0006296999999997702,0.08207706666666688,0.2512562666666664
0.08207706666666643,0.08375210000000018,0.0006296999999997702,0.08207706666666688
0.08291249999999979,0.08207706666666643,0.08375210000000018,0.0006296999999997702
0.2525220666666665,0.08291249999999979,0.08207706666666643,0.08375210000000018
0.08126036666666647,0.2525220666666665,0.08291249999999979,0.08207706666666643
0.24956640000000027,0.08126036666666647,0.2525220666666665,0.08291249999999979
0.1696095666666669,0.24956640000000027,0.08126036666666647,0.2525220666666665
0.07958533333333362,0.1696095666666669,0.24956640000000027,0.08126036666666647
0.0004272666666668516,0.07958533333333362,0.1696095666666669,0.24956640000000027
0.08564649999999974,0.0004272666666668516,0.07958533333333362,0.1696095666666669
0.0025063000000001834,0.08564649999999974,0.0004272666666668516,0.07958533333333362
0.08290926666666643,0.0025063000000001834,0.08564649999999974,0.0004272666666668516
0.0873132000000002,0.08290926666666643,0.0025063000000001834,0.08564649999999974
0.08943886666666645,0.0873132000000002,0.08290926666666643,0.0025063000000001834
0.16541769999999978,0.08943886666666645,0.0873132000000002,0.08290926666666643
0.07933750000000021,0.16541769999999978,0.08943886666666645,0.0873132000000002
0.07433696666666645,0.07933750000000021,0.16541769999999978,0.08943886666666645
0.004198266666666413,0.07433696666666645,0.07933750000000021,0.16541769999999978
0.0025380000000002254,0.004198266666666413,0.07433696666666645,0.07933750000000021
0.24502163333333357,0.0025380000000002254,0.004198266666666413,0.07433696666666645
0.16961596666666687,0.24502163333333357,0.0025380000000002254,0.004198266666666413
0.08438179999999973,0.16961596666666687,0.24502163333333357,0.0025380000000002254
0.0006328999999997883,0.08438179999999973,0.16961596666666687,0.24502163333333357
0.25485656666666645,0.0006328999999997883,0.08438179999999973,0.16961596666666687
0.08311920000000017,0.25485656666666645,0.0006328999999997883,0.08438179999999973
0.0006329000000002324,0.08311920000000017,0.25485656666666645,0.0006328999999997883
0.2552742666666669,0.0006329000000002324,0.08311920000000017,0.25485656666666645
0.08227959999999979,0.2552742666666669,0.0006329000000002324,0.08311920000000017
0.16750419999999977,0.08227959999999979,0.2552742666666669,0.0006329000000002324
0.08585859999999979,0.16750419999999977,0.08227959999999979,0.2552742666666669
0.0008395999999997183,0.08585859999999979,0.16750419999999977,0.08227959999999979
0.25167610000000024,0.0008395999999997183,0.08585859999999979,0.16750419999999977
0.16518566666666643,0.25167610000000024,0.0008395999999997183,0.08585859999999979
0.08270256666666646,0.16518566666666643,0.25167610000000024,0.0008395999999997183
0.0008333333333335377,0.08270256666666646,0.16518566666666643,0.25167610000000024
0.16582176666666684,0.0008333333333335377,0.08270256666666646,0.16518566666666643
0.16708436666666682,0.16582176666666684,0.0008333333333335377,0.08270256666666646
0.16875733333333306,0.16708436666666682,0.16582176666666684,0.0008333333333335377
0.08480480000000025,0.16875733333333306,0.16708436666666682,0.16582176666666684
0.16604009999999975,0.08480480000000025,0.16875733333333306,0.16708436666666682
0.000839600000000181,0.16604009999999975,0.08480480000000025,0.16875733333333306
0.08417189999999979,0.000839600000000181,0.16604009999999975,0.08480480000000025
0.08333333333333355,0.08417189999999979,0.000839600000000181,0.16604009999999975
0.08164350000000024,0.08333333333333355,0.08417189999999979,0.000839600000000181
0.07959566666666644,0.08164350000000024,0.08333333333333355,0.08417189999999979
0.07692306666666689,0.07959566666666644,0.08164350000000024,0.08333333333333355
0.07997679999999978,0.07692306666666689,0.07959566666666644,0.08164350000000024
0.002481399999999782,0.07997679999999978,0.07692306666666689,0.07959566666666644
0.08848416666666688,0.002481399999999782,0.07997679999999978,0.07692306666666689
0.004198266666666413,0.08848416666666688,0.002481399999999782,0.07997679999999978
0.08207706666666688,0.004198266666666413,0.08848416666666688,0.002481399999999782
0.1654072333333331,0.08207706666666688,0.004198266666666413,0.08848416666666688
0.16581223333333317,0.1654072333333331,0.08207706666666688,0.004198266666666413
0.16230866666666643,0.16581223333333317,0.1654072333333331,0.08207706666666688
0.08016876666666688,0.16230866666666643,0.16581223333333317,0.1654072333333331
0.16834380000000024,0.08016876666666688,0.16230866666666643,0.16581223333333317
0.16293836666666686,0.16834380000000024,0.08016876666666688,0.16230866666666643
0.0012754000000002226,0.16293836666666686,0.16834380000000024,0.08016876666666688
0.08291250000000024,0.0012754000000002226,0.16293836666666686,0.16834380000000024
0.0006296999999997702,0.08291250000000024,0.0012754000000002226,0.16293836666666686
2.220446049250313e-16,0.0006296999999997702,0.08291250000000024,0.0012754000000002226
0.08459596666666647,2.220446049250313e-16,0.0006296999999997702,0.08291250000000024
0.08291249999999979,0.08459596666666647,2.220446049250313e-16,0.0006296999999997702
0.16792609999999975,0.08291249999999979,0.08459596666666647,2.220446049250313e-16
2.220446049250313e-16,0.16792609999999975,0.08291249999999979,0.08459596666666647
0.08354220000000023,2.220446049250313e-16,0.16792609999999975,0.08291249999999979
0.1672900000000002,0.08354220000000023,2.220446049250313e-16,0.16792609999999975
0.0016834666666668923,0.1672900000000002,0.08354220000000023,2.220446049250313e-16
2.220446049250313e-16,0.0016834666666668923,0.1672900000000002,0.08354220000000023
0.08080806666666644,2.220446049250313e-16,0.0016834666666668923,0.1672900000000002
2.220446049250313e-16,0.08080806666666644,2.220446049250313e-16,0.0016834666666668923
0.0012500000000002325,2.220446049250313e-16,0.08080806666666644,2.220446049250313e-16
0.0008354333333331354,0.0012500000000002325,2.220446049250313e-16,0.08080806666666644
0.0025315666666663925,0.0008354333333331354,0.0012500000000002325,2.220446049250313e-16
0.0818723666666669,0.0025315666666663925,0.0008354333333331354,0.0012500000000002325
0.0008354333333335795,0.0818723666666669,0.0025315666666663925,0.0008354333333331354
0.08607376666666684,0.0008354333333335795,0.0818723666666669,0.0025315666666663925
0.2502067333333331,0.08607376666666684,0.0008354333333335795,0.0818723666666669
0.08144416666666687,0.2502067333333331,0.08607376666666684,0.0008354333333335795
0.08270676666666643,0.08144416666666687,0.2502067333333331,0.08607376666666684
0.24936076666666687,0.08270676666666643,0.08144416666666687,0.2502067333333331
0.0018891666666669045,0.24936076666666687,0.08270676666666643,0.08144416666666687
0.1649831666666669,0.0018891666666669045,0.24936076666666687,0.08270676666666643
0.4179144999999998,0.1649831666666669,0.0018891666666669045,0.24936076666666687
1.4802973661668753e-16,0.4179144999999998,0.1649831666666669,0.0018891666666669045
0.00042619999999982117,1.4802973661668753e-16,0.4179144999999998,0.1649831666666669
0.4187604666666669,0.00042619999999982117,1.4802973661668753e-16,0.4179144999999998
0.08585223333333318,0.4187604666666669,0.00042619999999982117,1.4802973661668753e-16
0.08374889999999983,0.08585223333333318,0.4187604666666669,0.00042619999999982117
0.24606073333333314,0.08374889999999983,0.08585223333333318,0.4187604666666669
0.1675020666666669,0.24606073333333314,0.08374889999999983,0.08585223333333318
0.08080806666666647,0.1675020666666669,0.24606073333333314,0.08374889999999983
0.16356493333333352,0.08080806666666647,0.1675020666666669,0.24606073333333314
0.25146509999999983,0.16356493333333352,0.08080806666666647,0.1675020666666669
0.08270676666666683,0.25146509999999983,0.16356493333333352,0.08080806666666647
0.08250206666666648,0.08270676666666683,0.25146509999999983,0.16356493333333352
0.33585220000000016,0.08250206666666648,0.08270676666666683,0.25146509999999983
0.16708436666666648,0.33585220000000016,0.08250206666666648,0.08270676666666683
0.0016666999999998728,0.16708436666666648,0.33585220000000016,0.08250206666666648
0.08438709999999983,0.0016666999999998728,0.16708436666666648,0.33585220000000016
0.08437760000000016,0.08438709999999983,0.0016666999999998728,0.16708436666666648
0.08354220000000019,0.08437760000000016,0.08438709999999983,0.0016666999999998728
0.08290609999999983,0.08354220000000019,0.08437760000000016,0.08438709999999983
0.003366999999999787,0.08290609999999983,0.08354220000000019,0.08437760000000016
0.24442293333333312,0.003366999999999787,0.08290609999999983,0.08354220000000019
0.08205153333333352,0.24442293333333312,0.003366999999999787,0.08290609999999983
0.1691961333333335,0.08205153333333352,0.24442293333333312,0.003366999999999787
0.2437932333333335,0.1691961333333335,0.08205153333333352,0.24442293333333312
0.08079526666666648,0.2437932333333335,0.1691961333333335,0.08205153333333352
0.000421899999999827,0.08079526666666648,0.2437932333333335,0.1691961333333335
0.08375206666666686,0.000421899999999827,0.08079526666666648,0.2437932333333335
0.0012562666666664872,0.08375206666666686,0.000421899999999827,0.08079526666666648
0.0008417333333335201,0.0012562666666664872,0.08375206666666686,0.000421899999999827
0.08502106666666649,0.0008417333333335201,0.0012562666666664872,0.08375206666666686
0.16541039999999982,0.08502106666666649,0.0008417333333335201,0.0012562666666664872
0.25062656666666644,0.16541039999999982,0.08502106666666649,0.0008417333333335201
0.08459916666666685,0.25062656666666644,0.16541039999999982,0.08502106666666649
0.16541040000000018,0.08459916666666685,0.25062656666666644,0.16541039999999982
0.16708436666666682,0.16541040000000018,0.08459916666666685,0.25062656666666644
0.16708226666666645,0.16708436666666682,0.16541040000000018,0.08459916666666685
0.0829061000000002,0.16708226666666645,0.16708436666666682,0.16541040000000018
1.8503717077085943e-16,0.0829061000000002,0.16708226666666645,0.16708436666666682
0.08500836666666682,1.8503717077085943e-16,0.0829061000000002,0.16708226666666645
0.0861027666666665,0.08500836666666682,1.8503717077085943e-16,0.0829061000000002
0.08354220000000019,0.0861027666666665,0.08500836666666682,1.8503717077085943e-16
0.08585223333333318,0.08354220000000019,0.0861027666666665,0.08500836666666682
0.08652683333333351,0.08585223333333318,0.08354220000000019,0.0861027666666665
0.16961596666666645,0.08652683333333351,0.08585223333333318,0.08354220000000019
0.16834803333333356,0.16961596666666645,0.08652683333333351,0.08585223333333318
0.08145046666666649,0.16834803333333356,0.16961596666666645,0.08652683333333351
0.07996633333333318,0.08145046666666649,0.16834803333333356,0.16961596666666645
0.08375210000000018,0.07996633333333318,0.08145046666666649,0.16834803333333356
0.0810264000000002,0.08375210000000018,0.07996633333333318,0.08145046666666649
0.16350210000000018,0.0810264000000002,0.08375210000000018,0.07996633333333318
0.2504166666666665,0.16350210000000018,0.0810264000000002,0.08375210000000018
0.24727743333333319,0.2504166666666665,0.16350210000000018,0.0810264000000002
0.0012754000000001857,0.24727743333333319,0.2504166666666665,0.16350210000000018
1.8503717077085943e-16,0.0012754000000001857,0.24727743333333319,0.2504166666666665
0.004187666666666441,1.8503717077085943e-16,0.0012754000000001857,0.24727743333333319
0.16373843333333316,0.004187666666666441,1.8503717077085943e-16,0.0012754000000001857
0.3341687666666669,0.16373843333333316,0.004187666666666441,1.8503717077085943e-16
0.16855900000000013,0.3341687666666669,0.16373843333333316,0.004187666666666441
0.08395263333333351,0.16855900000000013,0.3341687666666669,0.16373843333333316
0.4187604666666665,0.08395263333333351,0.16855900000000013,0.3341687666666669
0.08291249999999988,0.4187604666666665,0.08395263333333351,0.16855900000000013
0.001658366666666522,0.08291249999999988,0.4187604666666665,0.08395263333333351
0.08459170000000012,0.001658366666666522,0.08291249999999988,0.4187604666666665
0.08354220000000016,0.08459170000000012,0.001658366666666522,0.08291249999999988
0.08333333333333348,0.08354220000000016,0.08459170000000012,0.001658366666666522
0.16666456666666685,0.08333333333333348,0.08354220000000016,0.08459170000000012
0.16604009999999983,0.16666456666666685,0.08333333333333348,0.08354220000000016
0.16561180000000011,0.16604009999999983,0.16666456666666685,0.08333333333333348
0.08375206666666653,0.16561180000000011,0.16604009999999983,0.16666456666666685
0.005274266666666527,0.08375206666666653,0.16561180000000011,0.16604009999999983
0.0826961666666665,0.005274266666666527,0.08375206666666653,0.16561180000000011
0.08333016666666682,0.0826961666666665,0.005274266666666527,0.08375206666666653
0.08860760000000016,0.08333016666666682,0.0826961666666665,0.005274266666666527
0.08544089999999986,0.08860760000000016,0.08333016666666682,0.0826961666666665
0.08270046666666653,0.08544089999999986,0.08860760000000016,0.08333016666666682
0.1662489666666668,0.08270046666666653,0.08544089999999986,0.08860760000000016
0.08459916666666682,0.1662489666666668,0.08270046666666653,0.08544089999999986
0.08607376666666648,0.08459916666666682,0.1662489666666668,0.08270046666666653
0.16624896666666653,0.08607376666666648,0.08459916666666682,0.1662489666666668
0.08270046666666653,0.16624896666666653,0.08607376666666648,0.08459916666666682
0.00336700000000012,0.08270046666666653,0.16624896666666653,0.08607376666666648
0.004219399999999836,0.00336700000000012,0.08270046666666653,0.16624896666666653
0.0012500000000001583,0.004219399999999836,0.00336700000000012,0.08270046666666653
0.0025188999999998796,0.0012500000000001583,0.004219399999999836,0.00336700000000012
0.08692616666666679,0.0025188999999998796,0.0012500000000001583,0.004219399999999836
0.08229220000000015,0.08692616666666679,0.0025188999999998796,0.0012500000000001583
0.1683480333333335,0.08229220000000015,0.08692616666666679,0.0025188999999998796
0.08354220000000016,0.1683480333333335,0.08229220000000015,0.08692616666666679
0.08417189999999986,0.08354220000000016,0.1683480333333335,0.08229220000000015
0.16750416666666648,0.08417189999999986,0.08354220000000016,0.1683480333333335
0.0012657999999998355,0.16750416666666648,0.08417189999999986,0.08354220000000016
0.1633374333333332,0.0012657999999998355,0.16750416666666648,0.08417189999999986
1.4802973661668753e-16,0.1633374333333332,0.0012657999999998355,0.16750416666666648
0.08417509999999988,1.4802973661668753e-16,0.1633374333333332,0.0012657999999998355
0.16270453333333348,0.08417509999999988,1.4802973661668753e-16,0.1633374333333332
0.08375210000000011,0.16270453333333348,0.08417509999999988,1.4802973661668753e-16
0.001898700000000142,0.08375210000000011,0.16270453333333348,0.08417509999999988
0.16687129999999983,0.001898700000000142,0.08375210000000011,0.16270453333333348
0.0006297000000001404,0.16687129999999983,0.001898700000000142,0.08375210000000011
0.16708436666666648,0.0006297000000001404,0.16687129999999983,0.001898700000000142
0.25125626666666684,0.16708436666666648,0.0006297000000001404,0.16687129999999983
0.0827067666666665,0.25125626666666684,0.16708436666666648,0.0006297000000001404
0.24978483333333346,0.0827067666666665,0.25125626666666684,0.16708436666666648
0.2512562666666665,0.24978483333333346,0.0827067666666665,0.25125626666666684
0.08207706666666681,0.2512562666666665,0.24978483333333346,0.0827067666666665
0.16540723333333318,0.08207706666666681,0.2512562666666665,0.24978483333333346
0.2508343666666668,0.16540723333333318,0.08207706666666681,0.2512562666666665
0.08333016666666682,0.2508343666666668,0.16540723333333318,0.08207706666666681
0.08207706666666681,0.08333016666666682,0.2508343666666668,0.16540723333333318
0.32958633333333315,0.08207706666666681,0.08333016666666682,0.2508343666666668
0.0839630333333335,0.32958633333333315,0.08207706666666681,0.08333016666666682
0.16541039999999985,0.0839630333333335,0.32958633333333315,0.08207706666666681
0.16334366666666678,0.16541039999999985,0.0839630333333335,0.32958633333333315
0.16603693333333322,0.16334366666666678,0.16541039999999985,0.0839630333333335
0.24916246666666683,0.16603693333333322,0.16334366666666678,0.16541039999999985
0.16581860000000018,0.24916246666666683,0.16603693333333322,0.16334366666666678
0.08249580000000016,0.16581860000000018,0.24916246666666683,0.16603693333333322
0.08354113333333348,0.08249580000000016,0.16581860000000018,0.24916246666666683
0.08290609999999989,0.08354113333333348,0.08249580000000016,0.16581860000000018
0.25231106666666653,0.08290609999999989,0.08354113333333348,0.08249580000000016
0.1672931999999999,0.25231106666666653,0.08290609999999989,0.08354113333333348
0.08291249999999988,0.1672931999999999,0.25231106666666653,0.08290609999999989
0.0010548000000001334,0.08291249999999988,0.1672931999999999,0.25231106666666653
0.08291249999999988,0.0010548000000001334,0.08291249999999988,0.1672931999999999
0.16666456666666685,0.08291249999999988,0.0010548000000001334,0.08291249999999988
0.16750420000000013,0.16666456666666685,0.08291249999999988,0.0010548000000001334
0.08416876666666684,0.16750420000000013,0.16666456666666685,0.08291249999999988
0.00042189999999986405,0.08416876666666684,0.16750420000000013,0.16666456666666685
1.4802973661668753e-16,0.00042189999999986405,0.08416876666666684,0.16750420000000013
0.16876046666666653,1.4802973661668753e-16,0.00042189999999986405,0.08416876666666684
0.16624266666666654,0.16876046666666653,1.4802973661668753e-16,0.00042189999999986405
0.0006297000000001404,0.16624266666666654,0.16876046666666653,1.4802973661668753e-16
0.08542713333333347,0.0006297000000001404,0.16624266666666654,0.16876046666666653
0.08227960000000016,0.08542713333333347,0.0006297000000001404,0.16624266666666654
0.0827067666666665,0.08227960000000016,0.08542713333333347,0.0006297000000001404
0.08333333333333319,0.0827067666666665,0.08227960000000016,0.08542713333333347
0.0012626000000001507,0.08333333333333319,0.0827067666666665,0.08227960000000016
0.16498316666666682,0.0012626000000001507,0.08333333333333319,0.0827067666666665
0.08333333333333348,0.16498316666666682,0.0012626000000001507,0.08333333333333319
0.08607376666666648,0.08333333333333348,0.16498316666666682,0.0012626000000001507
0.1683501666666665,0.08607376666666648,0.08333333333333348,0.16498316666666682
0.08207706666666681,0.1683501666666665,0.08607376666666648,0.08333333333333348
0.07892726666666657,0.08207706666666681,0.1683501666666665,0.08607376666666648
0.00336700000000012,0.07892726666666657,0.08207706666666681,0.1683501666666665
0.0006328999999998622,0.00336700000000012,0.07892726666666657,0.08207706666666681
0.24642286666666682,0.0006328999999998622,0.00336700000000012,0.07892726666666657
0.08333333333333348,0.24642286666666682,0.0006328999999998622,0.00336700000000012
0.08061289999999983,0.08333333333333348,0.24642286666666682,0.0006328999999998622
0.08079526666666652,0.08061289999999983,0.08333333333333348,0.24642286666666682
0.16561180000000014,0.08079526666666652,0.08061289999999983,0.08333333333333348
0.001666699999999836,0.16561180000000014,0.08079526666666652,0.08061289999999983
0.08249580000000017,0.001666699999999836,0.16561180000000014,0.08079526666666652
0.2497805666666665,0.08249580000000017,0.001666699999999836,0.16561180000000014
0.0016834666666665221,0.2497805666666665,0.08249580000000017,0.001666699999999836
0.16750416666666648,0.0016834666666665221,0.2497805666666665,0.08249580000000017
0.16750210000000018,0.16750416666666648,0.0016834666666665221,0.2497805666666665
0.08459596666666684,0.16750210000000018,0.16750416666666648,0.0016834666666665221
0.0843818000000001,0.08459596666666684,0.16750210000000018,0.16750416666666648
0.0008375333333331773,0.0843818000000001,0.08459596666666684,0.16750210000000018
0.2537942333333332,0.0008375333333331773,0.0843818000000001,0.08459596666666684
0.08227640000000021,0.2537942333333332,0.0008375333333331773,0.0843818000000001
1.8503717077085943e-16,0.08227640000000021,0.2537942333333332,0.0008375333333331773
0.33754630000000024,1.8503717077085943e-16,0.08227640000000021,0.2537942333333332
0.16581859999999993,0.33754630000000024,1.8503717077085943e-16,0.08227640000000021
1.1102230246251565e-16,0.16581859999999993,0.33754630000000024,1.8503717077085943e-16
0.08354113333333345,1.1102230246251565e-16,0.16581859999999993,0.33754630000000024
0.0008395999999998663,0.08354113333333345,1.1102230246251565e-16,0.16581859999999993
0.08354113333333342,0.0008395999999998663,0.08354113333333345,1.1102230246251565e-16
0.16792609999999988,0.08354113333333342,0.0008395999999998663,0.08354113333333345
0.0008396000000000884,0.16792609999999988,0.08354113333333342,0.0008395999999998663
0.08396303333333321,0.0008396000000000884,0.16792609999999988,0.08354113333333342
0.0012626000000001136,0.08396303333333321,0.0008396000000000884,0.16792609999999988
0.08227960000000012,0.0012626000000001136,0.08396303333333321,0.0008396000000000884
0.2497848333333332,0.08227960000000012,0.0012626000000001136,0.08396303333333321
0.0006296999999998812,0.2497848333333332,0.08227960000000012,0.0012626000000001136
0.003750200000000111,0.0006296999999998812,0.2497848333333332,0.08227960000000012
0.0010495333333332413,0.003750200000000111,0.0006296999999998812,0.2497848333333332
1.1102230246251565e-16,0.0010495333333332413,0.003750200000000111,0.0006296999999998812
0.08686939999999983,1.1102230246251565e-16,0.0010495333333332413,0.003750200000000111
0.08206013333333347,0.08686939999999983,1.1102230246251565e-16,0.0010495333333332413
0.0006328999999998993,0.08206013333333347,0.08686939999999983,1.1102230246251565e-16
0.0016750333333334089,0.0006328999999998993,0.08206013333333347,0.08686939999999983
0.08607376666666673,0.0016750333333334089,0.0006328999999998993,0.08206013333333347
0.08396306666666657,0.08607376666666673,0.0016750333333334089,0.0006328999999998993
0.16540723333333343,0.08396306666666657,0.08607376666666673,0.0016750333333334089
0.08270676666666654,0.16540723333333343,0.08396306666666657,0.08607376666666673
0.0845959666666668,0.08270676666666654,0.16540723333333343,0.08396306666666657
0.08459916666666656,0.0845959666666668,0.08270676666666654,0.16540723333333343
1.1102230246251565e-16,0.08459916666666656,0.0845959666666668,0.08270676666666654
0.0006328999999998993,1.1102230246251565e-16,0.08459916666666656,0.0845959666666668
1.1102230246251565e-16,0.0006328999999998993,1.1102230246251565e-16,0.08459916666666656
0.16455696666666678,1.1102230246251565e-16,0.0006328999999998993,1.1102230246251565e-16
0.16373843333333324,0.16455696666666678,1.1102230246251565e-16,0.0006328999999998993
0.08164349999999991,0.16373843333333324,0.16455696666666678,1.1102230246251565e-16
0.002109700000000103,0.08164349999999991,0.16373843333333324,0.16455696666666678
0.16500103333333346,0.002109700000000103,0.08164349999999991,0.16373843333333324
0.08354220000000012,0.16500103333333346,0.002109700000000103,0.08164349999999991
0.2499999999999999,0.08354220000000012,0.16500103333333346,0.002109700000000103
0.08142183333333346,0.2499999999999999,0.08354220000000012,0.16500103333333346
0.08438179999999984,0.08142183333333346,0.2499999999999999,0.08354220000000012
0.1647775000000001,0.08438179999999984,0.08142183333333346,0.2499999999999999
0.16749559999999986,0.1647775000000001,0.08438179999999984,0.08142183333333346
0.08375210000000007,0.16749559999999986,0.1647775000000001,0.08438179999999984
0.16477749999999988,0.08375210000000007,0.16749559999999986,0.1647775000000001
0.08481116666666673,0.16477749999999988,0.08375210000000007,0.16749559999999986
0.08333016666666677,0.08481116666666673,0.16477749999999988,0.08375210000000007
0.24831650000000013,0.08333016666666677,0.08481116666666673,0.16477749999999988
0.0006329000000001214,0.24831650000000013,0.08333016666666677,0.08481116666666673
0.2466675999999999,0.0006329000000001214,0.24831650000000013,0.08333016666666677
0.08675186666666657,0.2466675999999999,0.0006329000000001214,0.24831650000000013
0.0829124999999999,0.08675186666666657,0.2466675999999999,0.0006329000000001214
0.16333743333333348,0.0829124999999999,0.08675186666666657,0.2466675999999999
0.002576766666666767,0.16333743333333348,0.0829124999999999,0.08675186666666657
0.08227960000000012,0.002576766666666767,0.16333743333333348,0.0829124999999999
0.08290610000000014,0.08227960000000012,0.002576766666666767,0.16333743333333348
0.08164349999999991,0.08290610000000014,0.08227960000000012,0.002576766666666767
0.08481116666666651,0.08164349999999991,0.08290610000000014,0.08227960000000012
0.00042619999999989516,0.08481116666666651,0.08164349999999991,0.08290610000000014
0.0841687666666668,0.00042619999999989516,0.08481116666666651,0.08164349999999991
0.08544406666666675,0.0841687666666668,0.00042619999999989516,0.08481116666666651
0.0004262000000001172,0.08544406666666675,0.0841687666666668,0.00042619999999989516
0.0820739000000001,0.0004262000000001172,0.08544406666666675,0.0841687666666668
0.08375206666666679,0.0820739000000001,0.0004262000000001172,0.08544406666666675
0.08353899999999992,0.08375206666666679,0.0820739000000001,0.0004262000000001172
0.08270046666666657,0.08353899999999992,0.08375206666666679,0.0820739000000001
0.0004218999999999011,0.08270046666666657,0.08353899999999992,0.08375206666666679
0.0839630666666668,0.0004218999999999011,0.08270046666666657,0.08353899999999992
0.0006296999999998812,0.0839630666666668,0.0004218999999999011,0.08270046666666657
0.08396306666666657,0.0006296999999998812,0.0839630666666668,0.0004218999999999011
0.0008502666666665437,0.08396306666666657,0.0006296999999998812,0.0839630666666668
0.08375209999999984,0.0008502666666665437,0.08396306666666657,0.0006296999999998812
0.0839630666666668,0.08375209999999984,0.0008502666666665437,0.08396306666666657
0.08122363333333323,0.0839630666666668,0.08375209999999984,0.0008502666666665437
0.0016750333333334089,0.08122363333333323,0.0839630666666668,0.08375209999999984
0.00042406666666653753,0.0016750333333334089,0.08122363333333323,0.0839630666666668
0.0012562666666665612,0.00042406666666653753,0.0016750333333334089,0.08122363333333323
0.08270676666666676,0.0012562666666665612,0.00042406666666653753,0.0016750333333334089
0.2514650999999999,0.08270676666666676,0.0012562666666665612,0.00042406666666653753
0.0012689999999998907,0.2514650999999999,0.08270676666666676,0.0012562666666665612
0.0006296999999998812,0.0012689999999998907,0.2514650999999999,0.08270676666666676
0.2518891666666668,0.0006296999999998812,0.0012689999999998907,0.2514650999999999
0.08459916666666678,0.2518891666666668,0.0006296999999998812,0.0012689999999998907
0.0012689999999998907,0.08459916666666678,0.2518891666666668,0.0006296999999998812
0.16457596666666655,0.0012689999999998907,0.08459916666666678,0.2518891666666668
0.0012594333333334484,0.16457596666666655,0.0012689999999998907,0.08459916666666678
0.08248309999999985,0.0012594333333334484,0.16457596666666655,0.0012689999999998907
0.24789970000000014,0.08248309999999985,0.0012594333333334484,0.16457596666666655
0.0833333333333332,0.24789970000000014,0.08248309999999985,0.0012594333333334484
0.2508332666666668,0.0833333333333332,0.24789970000000014,0.08248309999999985
0.2520979666666665,0.2508332666666668,0.0833333333333332,0.24789970000000014
0.08164983333333348,0.2520979666666665,0.2508332666666668,0.0833333333333332
0.16582489999999986,0.08164983333333348,0.2520979666666665,0.2508332666666668
0.16835016666666677,0.16582489999999986,0.08164983333333348,0.2520979666666665
0.16581859999999993,0.16835016666666677,0.16582489999999986,0.08164983333333348
0.08291563333333345,0.16581859999999993,0.16835016666666677,0.16582489999999986
0.08227639999999992,0.08291563333333345,0.16581859999999993,0.16835016666666677
0.1662426666666668,0.08227639999999992,0.08291563333333345,0.16581859999999993
0.2495822999999999,0.1662426666666668,0.08227639999999992,0.08291563333333345
0.08522566666666657,0.2495822999999999,0.1662426666666668,0.08227639999999992
1.1102230246251565e-16,0.08522566666666657,0.2495822999999999,0.1662426666666668
0.08333333333333344,1.1102230246251565e-16,0.08522566666666657,0.2495822999999999
0.0016834666666667812,0.08333333333333344,1.1102230246251565e-16,0.08522566666666657
0.16624266666666657,0.0016834666666667812,0.08333333333333344,1.1102230246251565e-16
0.08207706666666677,0.16624266666666657,0.0016834666666667812,0.08333333333333344
0.08164350000000013,0.08207706666666677,0.16624266666666657,0.0016834666666667812
0.08164350000000013,0.08164350000000013,0.08207706666666677,0.16624266666666657
0.16855899999999988,0.08164350000000013,0.08164350000000013,0.08207706666666677
0.0025252666666667847,0.16855899999999988,0.08164350000000013,0.08164350000000013
0.24747473333333322,0.0025252666666667847,0.16855899999999988,0.08164350000000013
0.16792610000000008,0.24747473333333322,0.0025252666666667847,0.16855899999999988
0.0820739000000001,0.16792610000000008,0.24747473333333322,0.0025252666666667847
0.16499163333333347,0.0820739000000001,0.16792610000000008,0.24747473333333322
0.0012626000000001136,0.16499163333333347,0.0820739000000001,0.16792610000000008
0.1670822666666665,0.0012626000000001136,0.16499163333333347,0.0820739000000001
0.08438180000000006,0.1670822666666665,0.0012626000000001136,0.16499163333333347
0.0012625999999998916,0.08438180000000006,0.1670822666666665,0.0012626000000001136
0.08311920000000006,0.0012625999999998916,0.08438180000000006,0.1670822666666665
0.0006296999999998812,0.08311920000000006,0.0012625999999998916,0.08438180000000006
0.0822795999999999,0.0006296999999998812,0.08311920000000006,0.0012625999999998916
0.0006329000000001214,0.0822795999999999,0.0006296999999998812,0.08311920000000006
0.08247990000000012,0.0006329000000001214,0.0822795999999999,0.0006296999999998812
1.1102230246251565e-16,0.08247990000000012,0.0006329000000001214,0.0822795999999999
0.16750419999999988,1.1102230246251565e-16,0.08247990000000012,0.0006329000000001214
0.08311279999999992,0.16750419999999988,1.1102230246251565e-16,0.08247990000000012
0.1662426666666668,0.08311279999999992,0.16750419999999988,1.1102230246251565e-16
0.3347974000000001,0.1662426666666668,0.08311279999999992,0.16750419999999988
0.0843849666666668,0.3347974000000001,0.1662426666666668,0.08311279999999992
0.0008417333333334461,0.0843849666666668,0.3347974000000001,0.1662426666666668
0.16792609999999994,0.0008417333333334461,0.0843849666666668,0.3347974000000001
0.25337123333333317,0.16792609999999994,0.0008417333333334461,0.0843849666666668
0.08608019999999987,0.25337123333333317,0.16792609999999994,0.0008417333333334461
0.0012626000000001507,0.08608019999999987,0.25337123333333317,0.16792609999999994
0.2525252666666668,0.0012626000000001507,0.08608019999999987,0.25337123333333317
0.0006393000000001573,0.2525252666666668,0.0012626000000001507,0.08608019999999987
0.16666350000000016,0.0006393000000001573,0.2525252666666668,0.0012626000000001507
0.2483164999999999,0.16666350000000016,0.0006393000000001573,0.2525252666666668
0.08417510000000013,0.2483164999999999,0.16666350000000016,0.0006393000000001573
0.16666349999999988,0.08417510000000013,0.2483164999999999,0.16666350000000016
0.0010442666666664973,0.16666349999999988,0.08417510000000013,0.2483164999999999
0.08481439999999989,0.0010442666666664973,0.16666349999999988,0.08417510000000013
0.08354219999999986,0.08481439999999989,0.0010442666666664973,0.16666349999999988
0.16645466666666678,0.08354219999999986,0.08481439999999989,0.0010442666666664973
0.2531645666666668,0.16645466666666678,0.08354219999999986,0.08481439999999989
1.4802973661668753e-16,0.2531645666666668,0.16645466666666678,0.08354219999999986
0.0006297000000001404,1.4802973661668753e-16,0.2531645666666668,0.16645466666666678
0.25062656666666655,0.0006297000000001404,1.4802973661668753e-16,0.2531645666666668
0.16210913333333318,0.25062656666666655,0.0006297000000001404,1.4802973661668753e-16
0.08142183333333348,0.16210913333333318,0.25062656666666655,0.0006297000000001404
1.4802973661668753e-16,0.08142183333333348,0.16210913333333318,0.25062656666666655
0.0775174333333335,1.4802973661668753e-16,0.08142183333333348,0.16210913333333318
0.16580363333333314,0.0775174333333335,1.4802973661668753e-16,0.08142183333333348
0.0012625999999998545,0.16580363333333314,0.0775174333333335,1.4802973661668753e-16
0.1687604666666668,0.0012625999999998545,0.16580363333333314,0.0775174333333335
1.4802973661668753e-16,0.1687604666666668,0.0012625999999998545,0.16580363333333314
0.08438496666666684,1.4802973661668753e-16,0.1687604666666668,0.0012625999999998545
0.08164983333333349,0.08438496666666684,1.4802973661668753e-16,0.1687604666666668
0.0025063000000001092,0.08164983333333349,0.08438496666666684,1.4802973661668753e-16
0.16666456666666654,0.0025063000000001092,0.08164983333333349,0.08438496666666684
0.0012658000000001317,0.16666456666666654,0.0025063000000001092,0.08164983333333349
0.005907399999999859,0.0012658000000001317,0.16666456666666654,0.0025063000000001092
0.16581860000000018,0.005907399999999859,0.0012658000000001317,0.16666456666666654
0.16708439999999988,0.16581860000000018,0.005907399999999859,0.0012658000000001317
0.17005930000000016,0.16708439999999988,0.16581860000000018,0.005907399999999859
0.24831649999999986,0.17005930000000016,0.16708439999999988,0.16581860000000018
0.16666456666666685,0.24831649999999986,0.17005930000000016,0.16708439999999988
0.08290609999999987,0.16666456666666685,0.24831649999999986,0.17005930000000016
0.16729010000000014,0.08290609999999987,0.16666456666666685,0.24831649999999986
0.08312236666666654,0.16729010000000014,0.08290609999999987,0.16666456666666685
0.2487437333333332,0.08312236666666654,0.16729010000000014,0.08290609999999987
0.08479219999999987,0.2487437333333332,0.08312236666666654,0.16729010000000014
0.08395990000000016,0.08479219999999987,0.2487437333333332,0.08312236666666654
0.24874373333333347,0.08395990000000016,0.08479219999999987,0.2487437333333332
0.08042493333333318,0.24874373333333347,0.08395990000000016,0.08479219999999987
0.08522249999999987,0.08042493333333318,0.24874373333333347,0.08395990000000016
0.0006328999999998622,0.08522249999999987,0.08042493333333318,0.24874373333333347
0.08291873333333351,0.0006328999999998622,0.08522249999999987,0.08042493333333318
0.1679261000000002,0.08291873333333351,0.0006328999999998622,0.08522249999999987
0.08480480000000018,0.1679261000000002,0.08291873333333351,0.0006328999999998622
0.00082709999999984,0.08480480000000018,0.1679261000000002,0.08291873333333351
0.16856219999999986,0.00082709999999984,0.08480480000000018,0.1679261000000002
0.0008417333333331686,0.16856219999999986,0.00082709999999984,0.08480480000000018
0.08061290000000015,0.0008417333333331686,0.16856219999999986,0.00082709999999984
0.16206843333333318,0.08061290000000015,0.0008417333333331686,0.16856219999999986
0.08353790000000012,0.16206843333333318,0.08061290000000015,0.0008417333333331686
0.08061289999999983,0.08353790000000012,0.16206843333333318,0.08061290000000015
0.24708950000000018,0.08061289999999983,0.08353790000000012,0.16206843333333318
0.1668680666666665,0.24708950000000018,0.08061289999999983,0.08353790000000012
0.000827100000000173,0.1668680666666665,0.24708950000000018,0.08061289999999983
0.0008375333333334919,0.000827100000000173,0.1668680666666665,0.24708950000000018
0.2550728333333332,0.0008375333333334919,0.000827100000000173,0.1668680666666665
0.08104840000000013,0.2550728333333332,0.0008375333333334919,0.000827100000000173
0.25209379999999987,0.08104840000000013,0.2550728333333332,0.0008375333333334919
0.17299576666666683,0.25209379999999987,0.08104840000000013,0.2550728333333332
0.08354220000000016,0.17299576666666683,0.25209379999999987,0.08104840000000013
0.25209380000000015,0.08354220000000016,0.17299576666666683,0.25209379999999987
0.08333333333333348,0.25209380000000015,0.08354220000000016,0.17299576666666683
0.08354219999999986,0.08333333333333348,0.25209380000000015,0.08354220000000016
0.08395989999999987,0.08354219999999986,0.08333333333333348,0.25209380000000015
0.08500836666666649,0.08395989999999987,0.08354219999999986,0.08333333333333348
0.16918869999999983,0.08500836666666649,0.08395989999999987,0.08354219999999986
0.0006296999999998443,0.16918869999999983,0.08500836666666649,0.08395989999999987
0.0843818000000001,0.0006296999999998443,0.16918869999999983,0.08500836666666649
0.16855900000000013,0.0843818000000001,0.0006296999999998443,0.16918869999999983
0.08333016666666682,0.16855900000000013,0.0843818000000001,0.0006296999999998443
1.4802973661668753e-16,0.08333016666666682,0.16855900000000013,0.0843818000000001
0.1643713333333332,1.4802973661668753e-16,0.08333016666666682,0.16855900000000013
0.08396306666666653,0.1643713333333332,1.4802973661668753e-16,0.08333016666666682
0.0006265666666668279,0.08396306666666653,0.1643713333333332,1.4802973661668753e-16
0.3316645333333335,0.0006265666666668279,0.08396306666666653,0.1643713333333332
1.8503717077085943e-16,0.3316645333333335,0.0006265666666668279,0.08396306666666653
0.0012562666666664872,1.8503717077085943e-16,0.3316645333333335,0.0006265666666668279
0.08354113333333313,0.0012562666666664872,1.8503717077085943e-16,0.3316645333333335
0.0806128999999998,0.08354113333333313,0.0012562666666664872,1.8503717077085943e-16
1.8503717077085943e-16,0.0806128999999998,0.08354113333333313,0.0012562666666664872
1.8503717077085943e-16,1.8503717077085943e-16,0.0806128999999998,0.08354113333333313
0.002506299999999776,1.8503717077085943e-16,1.8503717077085943e-16,0.0806128999999998
0.0006297000000001773,0.002506299999999776,1.8503717077085943e-16,1.8503717077085943e-16
0.0837520666666665,0.0006297000000001773,0.002506299999999776,1.8503717077085943e-16
1.8503717077085943e-16,0.0837520666666665,0.0006297000000001773,0.002506299999999776
0.2506265666666665,1.8503717077085943e-16,0.0837520666666665,0.0006297000000001773
0.0019082999999998258,0.2506265666666665,1.8503717077085943e-16,0.0837520666666665
0.0008438666666665448,0.0019082999999998258,0.2506265666666665,1.8503717077085943e-16
0.3337489333333335,0.0008438666666665448,0.0019082999999998258,0.2506265666666665
0.003164566666666868,0.3337489333333335,0.0008438666666665448,0.0019082999999998258
0.16876786666666688,0.003164566666666868,0.3337489333333335,0.0008438666666665448
0.16919613333333314,0.16876786666666688,0.003164566666666868,0.3337489333333335
0.0841687666666665,0.16919613333333314,0.16876786666666688,0.003164566666666868
0.16624896666666647,0.0841687666666665,0.16919613333333314,0.16876786666666688
0.08670033333333349,0.16624896666666647,0.0841687666666665,0.16919613333333314
0.0008395999999997553,0.08670033333333349,0.16624896666666647,0.0841687666666665
0.08207706666666685,0.0008395999999997553,0.08670033333333349,0.16624896666666647
0.08291563333333352,0.08207706666666685,0.0008395999999997553,0.08670033333333349
1.8503717077085943e-16,0.08291563333333352,0.08207706666666685,0.0008395999999997553
0.0012689999999998165,1.8503717077085943e-16,0.08291563333333352,0.08207706666666685
0.1654176999999998,0.0012689999999998165,1.8503717077085943e-16,0.08291563333333352
0.1670822666666668,0.1654176999999998,0.0012689999999998165,1.8503717077085943e-16
0.0854409000000002,0.1670822666666668,0.1654176999999998,0.0012689999999998165
0.08187550000000017,0.0854409000000002,0.1670822666666668,0.1654176999999998
1.8503717077085943e-16,0.08187550000000017,0.0854409000000002,0.1670822666666668
0.2495822999999998,1.8503717077085943e-16,0.08187550000000017,0.0854409000000002
0.0006296999999998073,0.2495822999999998,1.8503717077085943e-16,0.08187550000000017
0.08333016666666648,0.0006296999999998073,0.2495822999999998,1.8503717077085943e-16
0.1672901000000002,0.08333016666666648,0.0006296999999998073,0.2495822999999998
0.08207706666666648,0.1672901000000002,0.08333016666666648,0.0006296999999998073
1.8503717077085943e-16,0.08207706666666648,0.1672901000000002,0.08333016666666648
0.08187236666666686,1.8503717077085943e-16,0.08207706666666648,0.1672901000000002
0.08333333333333352,0.08187236666666686,1.8503717077085943e-16,0.08207706666666648
1.8503717077085943e-16,0.08333333333333352,0.08187236666666686,1.8503717077085943e-16
1.8503717077085943e-16,1.8503717077085943e-16,0.08333333333333352,0.08187236666666686
0.08585223333333318,1.8503717077085943e-16,1.8503717077085943e-16,0.08333333333333352
0.08375206666666686,0.08585223333333318,1.8503717077085943e-16,1.8503717077085943e-16
0.0837520666666665,0.08375206666666686,0.08585223333333318,1.8503717077085943e-16
0.08522566666666687,0.0837520666666665,0.08375206666666686,0.08585223333333318
0.0012721666666664817,0.08522566666666687,0.0837520666666665,0.08375206666666686
0.0012562666666668572,0.0012721666666664817,0.08522566666666687,0.0837520666666665
0.08438179999999977,0.0012562666666668572,0.0012721666666664817,0.08522566666666687
0.001692000000000175,0.08438179999999977,0.0012562666666668572,0.0012721666666664817
0.08585223333333318,0.001692000000000175,0.08438179999999977,0.0012562666666668572
0.1637447666666665,0.08585223333333318,0.001692000000000175,0.08438179999999977
0.16792399999999977,0.1637447666666665,0.08585223333333318,0.001692000000000175
0.2514640333333335,0.16792399999999977,0.1637447666666665,0.08585223333333318
0.16541980000000023,0.2514640333333335,0.16792399999999977,0.1637447666666665
0.0025063000000001465,0.16541980000000023,0.2514640333333335,0.16792399999999977
0.08396196666666644,0.0025063000000001465,0.16541980000000023,0.2514640333333335
0.08207706666666685,0.08396196666666644,0.0025063000000001465,0.16541980000000023
0.08312550000000019,0.08207706666666685,0.08396196666666644,0.0025063000000001465
0.08353899999999985,0.08312550000000019,0.08207706666666685,0.08396196666666644
0.16708116666666686,0.08353899999999985,0.08312550000000019,0.08207706666666685
0.0012499999999998068,0.16708116666666686,0.08353899999999985,0.08312550000000019
0.16477749999999977,0.0012499999999998068,0.16708116666666686,0.08353899999999985
0.1670811666666665,0.16477749999999977,0.0012499999999998068,0.16708116666666686
0.0006296999999998257,0.1670811666666665,0.16477749999999977,0.0012499999999998068
0.24958230000000015,0.0006296999999998257,0.1670811666666665,0.16477749999999977
0.08291249999999988,0.24958230000000015,0.0006296999999998257,0.1670811666666665
0.08375209999999982,0.08291249999999988,0.24958230000000015,0.0006296999999998257
0.08354219999999986,0.08375209999999982,0.08291249999999988,0.24958230000000015
0.16666456666666685,0.08354219999999986,0.08375209999999982,0.08291249999999988
0.0843818000000001,0.16666456666666685,0.08354219999999986,0.08375209999999982
0.24937343333333317,0.0843818000000001,0.16666456666666685,0.08354219999999986
0.08375206666666653,0.24937343333333317,0.0843818000000001,0.16666456666666685
